{"cameraMode":{"drawMode":0,"name":"Shaded","section":"Shading Mode"},"sceneLighting":true,"audioPlay":false,"sceneViewState":{"showFog":true,"showMaterialUpdate":false,"showSkybox":true,"showFlares":true,"showImageEffects":true,"showParticleSystems":true},"in2DMode":false,"pivot":{"x":273.3260803222656,"y":142.2459716796875,"z":-46.61878967285156},"rotation":{"x":-0.13850732147693635,"y":-0.10910376161336899,"z":0.015354113653302193,"w":-0.9842135906219482},"size":306.73199462890627,"orthographic":true}