{"cameraMode":{"drawMode":0,"name":"Shaded","section":"Shading Mode"},"sceneLighting":true,"audioPlay":false,"sceneViewState":{"showFog":true,"showMaterialUpdate":false,"showSkybox":true,"showFlares":true,"showImageEffects":true,"showParticleSystems":true},"in2DMode":false,"pivot":{"x":183.5246124267578,"y":18.702322006225587,"z":-19.55897331237793},"rotation":{"x":0.22925272583961488,"y":0.0009082559845410287,"z":-0.00023933227930683643,"w":0.9733665585517883},"size":111.7544174194336,"orthographic":true}