{"cameraMode":{"drawMode":0,"name":"Shaded","section":"Shading Mode"},"sceneLighting":true,"audioPlay":false,"sceneViewState":{"showFog":true,"showMaterialUpdate":false,"showSkybox":true,"showFlares":true,"showImageEffects":true,"showParticleSystems":true},"in2DMode":false,"pivot":{"x":0.07000041007995606,"y":1.7450000047683716,"z":131.29501342773438},"rotation":{"x":0.15874280035495759,"y":0.31473594903945925,"z":-0.05350252613425255,"w":0.9342802166938782},"size":27.171754837036134,"orthographic":true}