{"cameraMode":{"drawMode":0,"name":"Shaded","section":"Shading Mode"},"sceneLighting":true,"audioPlay":false,"sceneViewState":{"showFog":true,"showMaterialUpdate":false,"showSkybox":true,"showFlares":true,"showImageEffects":true,"showParticleSystems":true},"in2DMode":false,"pivot":{"x":-0.004788398742675781,"y":18.702322006225587,"z":132.04522705078126},"rotation":{"x":0.26753535866737368,"y":0.127621129155159,"z":-0.03580108657479286,"w":0.9543877840042114},"size":106.2955093383789,"orthographic":true}