{"cameraMode":{"drawMode":0,"name":"Shaded","section":"Shading Mode"},"sceneLighting":true,"audioPlay":false,"sceneViewState":{"showFog":true,"showMaterialUpdate":false,"showSkybox":true,"showFlares":true,"showImageEffects":true,"showParticleSystems":true},"in2DMode":false,"pivot":{"x":-0.14999985694885255,"y":1.9200000762939454,"z":1.320000171661377},"rotation":{"x":-0.12443666160106659,"y":-0.027992423623800279,"z":0.0035319337621331217,"w":-0.9918263554573059},"size":22.0,"orthographic":true}