{"cameraMode":{"drawMode":0,"name":"Shaded","section":"Shading Mode"},"sceneLighting":false,"audioPlay":false,"sceneViewState":{"showFog":false,"showMaterialUpdate":false,"showSkybox":false,"showFlares":false,"showImageEffects":false,"showParticleSystems":false},"in2DMode":false,"pivot":{"x":9.5367431640625e-7,"y":0.0,"z":-0.000001430511474609375},"rotation":{"x":-0.1756504625082016,"y":0.8227599263191223,"z":-0.3530188202857971,"w":-0.40937861800193789},"size":38.69593811035156,"orthographic":true}